{
  "the-thing": {
    "hero_class": "Vanguard",
    "hero_wins": 3160,
    "enemy_wins": 2925,
    "winrate": 51.93,
    "difference": 3.86,
    "matches": 6085
  },
  "magneto": {
    "hero_class": "Vanguard",
    "hero_wins": 6738,
    "enemy_wins": 6238,
    "winrate": 51.93,
    "difference": 3.85,
    "matches": 12976
  },
  "doctor-strange": {
    "hero_class": "Vanguard",
    "hero_wins": 3081,
    "enemy_wins": 3091,
    "winrate": 49.92,
    "difference": 0.16,
    "matches": 6172
  },
  "thor": {
    "hero_class": "Vanguard",
    "hero_wins": 1746,
    "enemy_wins": 1865,
    "winrate": 48.35,
    "difference": 3.3,
    "matches": 3611
  },
  "emma-frost": {
    "hero_class": "Vanguard",
    "hero_wins": 10137,
    "enemy_wins": 11110,
    "winrate": 47.71,
    "difference": 4.58,
    "matches": 21247
  },
  "venom": {
    "hero_class": "Vanguard",
    "hero_wins": 2066,
    "enemy_wins": 2278,
    "winrate": 47.56,
    "difference": 4.88,
    "matches": 4344
  },
  "peni-parker": {
    "hero_class": "Vanguard",
    "hero_wins": 662,
    "enemy_wins": 745,
    "winrate": 47.05,
    "difference": 5.9,
    "matches": 1407
  },
  "groot": {
    "hero_class": "Vanguard",
    "hero_wins": 1669,
    "enemy_wins": 1939,
    "winrate": 46.26,
    "difference": 7.48,
    "matches": 3608
  },
  "captain-america": {
    "hero_class": "Vanguard",
    "hero_wins": 2121,
    "enemy_wins": 2630,
    "winrate": 44.64,
    "difference": 10.71,
    "matches": 4751
  },
  "hulk": {
    "hero_class": "Vanguard",
    "hero_wins": 1673,
    "enemy_wins": 2076,
    "winrate": 44.63,
    "difference": 10.75,
    "matches": 3749
  },
  "squirrel-girl": {
    "hero_class": "Duelist",
    "hero_wins": 662,
    "enemy_wins": 493,
    "winrate": 57.32,
    "difference": 14.63,
    "matches": 1155
  },
  "black-widow": {
    "hero_class": "Duelist",
    "hero_wins": 554,
    "enemy_wins": 414,
    "winrate": 57.23,
    "difference": 14.46,
    "matches": 968
  },
  "winter-soldier": {
    "hero_class": "Duelist",
    "hero_wins": 3055,
    "enemy_wins": 2465,
    "winrate": 55.34,
    "difference": 10.69,
    "matches": 5520
  },
  "moon-knight": {
    "hero_class": "Duelist",
    "hero_wins": 1156,
    "enemy_wins": 983,
    "winrate": 54.04,
    "difference": 8.09,
    "matches": 2139
  },
  "the-punisher": {
    "hero_class": "Duelist",
    "hero_wins": 1189,
    "enemy_wins": 1051,
    "winrate": 53.08,
    "difference": 6.16,
    "matches": 2240
  },
  "wolverine": {
    "hero_class": "Duelist",
    "hero_wins": 1147,
    "enemy_wins": 1015,
    "winrate": 53.05,
    "difference": 6.11,
    "matches": 2162
  },
  "scarlet-witch": {
    "hero_class": "Duelist",
    "hero_wins": 1751,
    "enemy_wins": 1724,
    "winrate": 50.39,
    "difference": 0.78,
    "matches": 3475
  },
  "hawkeye": {
    "hero_class": "Duelist",
    "hero_wins": 1505,
    "enemy_wins": 1486,
    "winrate": 50.32,
    "difference": 0.64,
    "matches": 2991
  },
  "hela": {
    "hero_class": "Duelist",
    "hero_wins": 2657,
    "enemy_wins": 2757,
    "winrate": 49.08,
    "difference": 1.85,
    "matches": 5414
  },
  "black-panther": {
    "hero_class": "Duelist",
    "hero_wins": 1318,
    "enemy_wins": 1375,
    "winrate": 48.94,
    "difference": 2.12,
    "matches": 2693
  },
  "namor": {
    "hero_class": "Duelist",
    "hero_wins": 1698,
    "enemy_wins": 1787,
    "winrate": 48.72,
    "difference": 2.55,
    "matches": 3485
  },
  "spider-man": {
    "hero_class": "Duelist",
    "hero_wins": 2498,
    "enemy_wins": 2724,
    "winrate": 47.84,
    "difference": 4.33,
    "matches": 5222
  },
  "psylocke": {
    "hero_class": "Duelist",
    "hero_wins": 3239,
    "enemy_wins": 3645,
    "winrate": 47.05,
    "difference": 5.9,
    "matches": 6884
  },
  "iron-fist": {
    "hero_class": "Duelist",
    "hero_wins": 2384,
    "enemy_wins": 2815,
    "winrate": 45.85,
    "difference": 8.29,
    "matches": 5199
  },
  "mister-fantastic": {
    "hero_class": "Duelist",
    "hero_wins": 2692,
    "enemy_wins": 3187,
    "winrate": 45.79,
    "difference": 8.42,
    "matches": 5879
  },
  "storm": {
    "hero_class": "Duelist",
    "hero_wins": 1040,
    "enemy_wins": 1254,
    "winrate": 45.34,
    "difference": 9.33,
    "matches": 2294
  },
  "magik": {
    "hero_class": "Duelist",
    "hero_wins": 2132,
    "enemy_wins": 2605,
    "winrate": 45.01,
    "difference": 9.99,
    "matches": 4737
  },
  "human-torch": {
    "hero_class": "Duelist",
    "hero_wins": 1728,
    "enemy_wins": 2131,
    "winrate": 44.78,
    "difference": 10.44,
    "matches": 3859
  },
  "iron-man": {
    "hero_class": "Duelist",
    "hero_wins": 1247,
    "enemy_wins": 1587,
    "winrate": 44.0,
    "difference": 12.0,
    "matches": 2834
  },
  "jeff-the-land-shark": {
    "hero_class": "Strategist",
    "hero_wins": 1259,
    "enemy_wins": 1045,
    "winrate": 54.64,
    "difference": 9.29,
    "matches": 2304
  },
  "cloak-dagger": {
    "hero_class": "Strategist",
    "hero_wins": 6349,
    "enemy_wins": 5538,
    "winrate": 53.41,
    "difference": 6.82,
    "matches": 11887
  },
  "luna-snow": {
    "hero_class": "Strategist",
    "hero_wins": 5903,
    "enemy_wins": 5586,
    "winrate": 51.38,
    "difference": 2.76,
    "matches": 11489
  },
  "invisible-woman": {
    "hero_class": "Strategist",
    "hero_wins": 7618,
    "enemy_wins": 7372,
    "winrate": 50.82,
    "difference": 1.64,
    "matches": 14990
  },
  "adam-warlock": {
    "hero_class": "Strategist",
    "hero_wins": 1281,
    "enemy_wins": 1321,
    "winrate": 49.23,
    "difference": 1.54,
    "matches": 2602
  },
  "loki": {
    "hero_class": "Strategist",
    "hero_wins": 4327,
    "enemy_wins": 4721,
    "winrate": 47.82,
    "difference": 4.35,
    "matches": 9048
  },
  "mantis": {
    "hero_class": "Strategist",
    "hero_wins": 1335,
    "enemy_wins": 1516,
    "winrate": 46.83,
    "difference": 6.35,
    "matches": 2851
  },
  "rocket-raccoon": {
    "hero_class": "Strategist",
    "hero_wins": 11252,
    "enemy_wins": 12847,
    "winrate": 46.69,
    "difference": 6.62,
    "matches": 24099
  }
}